archive_tier,mirror_by_default,ownership_confidence,public_body_or_project,forge,repository,web_url,clone_url,default_branch,archived,visibility,size_kb,evidence_url,evidence_note,notes
adjacent,no,none,Independent legislation mirror,GitHub,legalize-dev/legalize-ie,https://github.com/legalize-dev/legalize-ie,https://github.com/legalize-dev/legalize-ie.git,main,false,public,60410,https://github.com/legalize-dev/legalize-ie,README explicitly describes an independent derivative of official Oireachtas data.,"Useful companion archive, but not government-owned or government-developed."
candidate,no,low,Cavan County Council?,GitHub,Cavancoco/AspNetCore.Docs,https://github.com/Cavancoco/AspNetCore.Docs,https://github.com/Cavancoco/AspNetCore.Docs.git,main,false,public,789434,https://github.com/Cavancoco,"Exact-style namespace, but no authoritative cross-link was found.",Could be staff/vendor/personal; verify with the council.
candidate,no,low,Cavan County Council?,GitHub,Cavancoco/cavanweb-app,https://github.com/Cavancoco/cavanweb-app,https://github.com/Cavancoco/cavanweb-app.git,master,false,public,102280,https://github.com/Cavancoco,"Exact-style namespace, but no authoritative cross-link was found.",Could be staff/vendor/personal; verify with the council.
candidate,no,low,Cavan County Council?,GitHub,Cavancoco/PayloadParser,https://github.com/Cavancoco/PayloadParser,https://github.com/Cavancoco/PayloadParser.git,master,false,public,33,https://github.com/Cavancoco,"Exact-style namespace, but no authoritative cross-link was found.",Could be staff/vendor/personal; verify with the council.
candidate,no,low,Legacy/civic data-gov.ie project,GitHub,data-gov-ie/cso2rdf,https://github.com/data-gov-ie/cso2rdf,https://github.com/data-gov-ie/cso2rdf.git,master,false,public,5744,https://github.com/data-gov-ie,Profile points to the obsolete data-gov.ie domain and predates the current data.gov.ie initiative.,Do not confuse with the official modern data.gov.ie service.
candidate,no,low,Legacy/civic data-gov.ie project,GitHub,data-gov-ie/data-gov.ie,https://github.com/data-gov-ie/data-gov.ie,https://github.com/data-gov-ie/data-gov.ie.git,master,false,public,602,https://github.com/data-gov-ie,Profile points to the obsolete data-gov.ie domain and predates the current data.gov.ie initiative.,Do not confuse with the official modern data.gov.ie service.
candidate,no,low,Legacy/civic data-gov.ie project,GitHub,data-gov-ie/service-indicators,https://github.com/data-gov-ie/service-indicators,https://github.com/data-gov-ie/service-indicators.git,master,false,public,704,https://github.com/data-gov-ie,Profile points to the obsolete data-gov.ie domain and predates the current data.gov.ie initiative.,Do not confuse with the official modern data.gov.ie service.
candidate,no,medium,Sport Ireland project?,GitHub,derilinx/ndd-sportireland,https://github.com/derilinx/ndd-sportireland,https://github.com/derilinx/ndd-sportireland.git,main,false,public,0,https://github.com/derilinx,"Repository names/README refer to Sport Ireland, but direct commissioning evidence was not found.",Vendor-owned; verify before treating as government-produced.
candidate,no,medium,Sport Ireland project?,GitHub,derilinx/sport-ireland-ndd-templates,https://github.com/derilinx/sport-ireland-ndd-templates,https://github.com/derilinx/sport-ireland-ndd-templates.git,main,false,public,77,https://github.com/derilinx,"Repository names/README refer to Sport Ireland, but direct commissioning evidence was not found.",Vendor-owned; verify before treating as government-produced.
candidate,no,low,Dún Laoghaire–Rathdown County Council?,GitHub,DLRCOCO/Deerpark,https://github.com/DLRCOCO/Deerpark,https://github.com/DLRCOCO/Deerpark.git,main,false,public,35772,https://github.com/DLRCOCO,"Exact-style namespace and a tree-related repository, but no authoritative cross-link was found.",Verify ownership before mirroring as government code.
candidate,no,low,Legacy Irish public-body datasets?,GitHub,govdataie/old-arts-council,https://github.com/govdataie/old-arts-council,https://github.com/govdataie/old-arts-council.git,main,false,public,7,https://github.com/govdataie,Unbranded user account contains repositories named for Irish public bodies.,Not proven to be operated by data.gov.ie or another public body.
candidate,no,low,Legacy Irish public-body datasets?,GitHub,govdataie/old-central-bank,https://github.com/govdataie/old-central-bank,https://github.com/govdataie/old-central-bank.git,main,false,public,28,https://github.com/govdataie,Unbranded user account contains repositories named for Irish public bodies.,Not proven to be operated by data.gov.ie or another public body.
candidate,no,low,Legacy Irish public-body datasets?,GitHub,govdataie/old-failte-ireland,https://github.com/govdataie/old-failte-ireland,https://github.com/govdataie/old-failte-ireland.git,main,false,public,13,https://github.com/govdataie,Unbranded user account contains repositories named for Irish public bodies.,Not proven to be operated by data.gov.ie or another public body.
candidate,no,low,Legacy Irish public-body datasets?,GitHub,govdataie/old-heritage-council,https://github.com/govdataie/old-heritage-council,https://github.com/govdataie/old-heritage-council.git,main,false,public,18,https://github.com/govdataie,Unbranded user account contains repositories named for Irish public bodies.,Not proven to be operated by data.gov.ie or another public body.
candidate,no,low,Legacy Irish public-body datasets?,GitHub,govdataie/old-rte,https://github.com/govdataie/old-rte,https://github.com/govdataie/old-rte.git,main,false,public,12,https://github.com/govdataie,Unbranded user account contains repositories named for Irish public bodies.,Not proven to be operated by data.gov.ie or another public body.
candidate,no,low,Kerry County Council?,GitHub,kerrycoco/kerrycoco,https://github.com/kerrycoco/kerrycoco,https://github.com/kerrycoco/kerrycoco.git,master,false,public,0,https://github.com/kerrycoco,"Exact-style namespace, but no authoritative cross-link was found.",Verify with the council.
candidate,no,low,Kerry County Council?,GitHub,kerrycoco/myfirstTest,https://github.com/kerrycoco/myfirstTest,https://github.com/kerrycoco/myfirstTest.git,master,false,public,0,https://github.com/kerrycoco,"Exact-style namespace, but no authoritative cross-link was found.",Verify with the council.
candidate,no,low,Kildare County Council?,GitHub,kildarecoco/uv-index,https://github.com/kildarecoco/uv-index,https://github.com/kildarecoco/uv-index.git,main,false,public,17,https://github.com/kildarecoco,"Exact-style namespace, but no authoritative cross-link was found.",Verify with the council.
candidate,no,low,Ordnance Survey Ireland / Tailte Éireann?,GitHub,OrdnanceSurveyIreland/OracleTeam,https://github.com/OrdnanceSurveyIreland/OracleTeam,https://github.com/OrdnanceSurveyIreland/OracleTeam.git,master,false,public,0,https://github.com/OrdnanceSurveyIreland,Exact-style namespace only; no authoritative cross-link was found.,Verify ownership before mirroring as government code.
core,yes,high,Central Statistics Office,GitHub,CSOIreland/bootstrap-toggle,https://github.com/CSOIreland/bootstrap-toggle,https://github.com/CSOIreland/bootstrap-toggle.git,master,false,public,197,https://github.com/CSOIreland,GitHub profile identifies the Central Statistics Office and links to cso.ie.,"Includes every public repository in the verified namespace, including forks, documentation and archived repositories."
core,yes,high,Central Statistics Office,GitHub,CSOIreland/Client-API-Library,https://github.com/CSOIreland/Client-API-Library,https://github.com/CSOIreland/Client-API-Library.git,master,false,public,1331,https://github.com/CSOIreland,GitHub profile identifies the Central Statistics Office and links to cso.ie.,"Includes every public repository in the verified namespace, including forks, documentation and archived repositories."
core,yes,high,Central Statistics Office,GitHub,CSOIreland/Code-Transcompiler-using-LLMs-public,https://github.com/CSOIreland/Code-Transcompiler-using-LLMs-public,https://github.com/CSOIreland/Code-Transcompiler-using-LLMs-public.git,main,false,public,248,https://github.com/CSOIreland,GitHub profile identifies the Central Statistics Office and links to cso.ie.,"Includes every public repository in the verified namespace, including forks, documentation and archived repositories."
core,yes,high,Central Statistics Office,GitHub,CSOIreland/CSO2FA,https://github.com/CSOIreland/CSO2FA,https://github.com/CSOIreland/CSO2FA.git,main,false,public,152,https://github.com/CSOIreland,GitHub profile identifies the Central Statistics Office and links to cso.ie.,"Includes every public repository in the verified namespace, including forks, documentation and archived repositories."
core,yes,high,Central Statistics Office,GitHub,CSOIreland/CSOAutomapper,https://github.com/CSOIreland/CSOAutomapper,https://github.com/CSOIreland/CSOAutomapper.git,main,false,public,159855,https://github.com/CSOIreland,GitHub profile identifies the Central Statistics Office and links to cso.ie.,"Includes every public repository in the verified namespace, including forks, documentation and archived repositories."
core,yes,high,Central Statistics Office,GitHub,CSOIreland/CSOBSTheme,https://github.com/CSOIreland/CSOBSTheme,https://github.com/CSOIreland/CSOBSTheme.git,main,false,public,20093,https://github.com/CSOIreland,GitHub profile identifies the Central Statistics Office and links to cso.ie.,"Includes every public repository in the verified namespace, including forks, documentation and archived repositories."
core,yes,high,Central Statistics Office,GitHub,CSOIreland/csodata,https://github.com/CSOIreland/csodata,https://github.com/CSOIreland/csodata.git,main,false,public,160,https://github.com/CSOIreland,GitHub profile identifies the Central Statistics Office and links to cso.ie.,"Includes every public repository in the verified namespace, including forks, documentation and archived repositories."
core,yes,high,Central Statistics Office,GitHub,CSOIreland/CSOEmail,https://github.com/CSOIreland/CSOEmail,https://github.com/CSOIreland/CSOEmail.git,main,false,public,4443,https://github.com/CSOIreland,GitHub profile identifies the Central Statistics Office and links to cso.ie.,"Includes every public repository in the verified namespace, including forks, documentation and archived repositories."
core,yes,high,Central Statistics Office,GitHub,CSOIreland/CSOFirebase,https://github.com/CSOIreland/CSOFirebase,https://github.com/CSOIreland/CSOFirebase.git,main,false,public,17457,https://github.com/CSOIreland,GitHub profile identifies the Central Statistics Office and links to cso.ie.,"Includes every public repository in the verified namespace, including forks, documentation and archived repositories."
core,yes,high,Central Statistics Office,GitHub,CSOIreland/CSORecaptcha,https://github.com/CSOIreland/CSORecaptcha,https://github.com/CSOIreland/CSORecaptcha.git,main,false,public,4557,https://github.com/CSOIreland,GitHub profile identifies the Central Statistics Office and links to cso.ie.,"Includes every public repository in the verified namespace, including forks, documentation and archived repositories."
core,yes,high,Central Statistics Office,GitHub,CSOIreland/CSOSanitizer,https://github.com/CSOIreland/CSOSanitizer,https://github.com/CSOIreland/CSOSanitizer.git,main,false,public,15672,https://github.com/CSOIreland,GitHub profile identifies the Central Statistics Office and links to cso.ie.,"Includes every public repository in the verified namespace, including forks, documentation and archived repositories."
core,yes,high,Central Statistics Office,GitHub,CSOIreland/CSOStatic,https://github.com/CSOIreland/CSOStatic,https://github.com/CSOIreland/CSOStatic.git,main,false,public,261628,https://github.com/CSOIreland,GitHub profile identifies the Central Statistics Office and links to cso.ie.,"Includes every public repository in the verified namespace, including forks, documentation and archived repositories."
core,yes,high,Central Statistics Office,GitHub,CSOIreland/Datatables,https://github.com/CSOIreland/Datatables,https://github.com/CSOIreland/Datatables.git,main,false,public,2687,https://github.com/CSOIreland,GitHub profile identifies the Central Statistics Office and links to cso.ie.,"Includes every public repository in the verified namespace, including forks, documentation and archived repositories."
core,yes,high,Central Statistics Office,GitHub,CSOIreland/editable-table,https://github.com/CSOIreland/editable-table,https://github.com/CSOIreland/editable-table.git,master,false,public,56,https://github.com/CSOIreland,GitHub profile identifies the Central Statistics Office and links to cso.ie.,"Includes every public repository in the verified namespace, including forks, documentation and archived repositories."
core,yes,high,Central Statistics Office,GitHub,CSOIreland/edprofiles,https://github.com/CSOIreland/edprofiles,https://github.com/CSOIreland/edprofiles.git,main,false,public,4550767,https://github.com/CSOIreland,GitHub profile identifies the Central Statistics Office and links to cso.ie.,"Includes every public repository in the verified namespace, including forks, documentation and archived repositories."
core,yes,high,Central Statistics Office,GitHub,CSOIreland/FontAwesome,https://github.com/CSOIreland/FontAwesome,https://github.com/CSOIreland/FontAwesome.git,main,false,public,9589,https://github.com/CSOIreland,GitHub profile identifies the Central Statistics Office and links to cso.ie.,"Includes every public repository in the verified namespace, including forks, documentation and archived repositories."
core,yes,high,Central Statistics Office,GitHub,CSOIreland/FPAPGMS2025_Tutorial,https://github.com/CSOIreland/FPAPGMS2025_Tutorial,https://github.com/CSOIreland/FPAPGMS2025_Tutorial.git,main,false,public,7,https://github.com/CSOIreland,GitHub profile identifies the Central Statistics Office and links to cso.ie.,"Includes every public repository in the verified namespace, including forks, documentation and archived repositories."
core,yes,high,Central Statistics Office,GitHub,CSOIreland/healthRegionProfiles,https://github.com/CSOIreland/healthRegionProfiles,https://github.com/CSOIreland/healthRegionProfiles.git,main,false,public,96291,https://github.com/CSOIreland,GitHub profile identifies the Central Statistics Office and links to cso.ie.,"Includes every public repository in the verified namespace, including forks, documentation and archived repositories."
core,yes,high,Central Statistics Office,GitHub,CSOIreland/hsr,https://github.com/CSOIreland/hsr,https://github.com/CSOIreland/hsr.git,main,false,public,2141,https://github.com/CSOIreland,GitHub profile identifies the Central Statistics Office and links to cso.ie.,"Includes every public repository in the verified namespace, including forks, documentation and archived repositories."
core,yes,high,Central Statistics Office,GitHub,CSOIreland/HttpTester,https://github.com/CSOIreland/HttpTester,https://github.com/CSOIreland/HttpTester.git,main,false,public,89,https://github.com/CSOIreland,GitHub profile identifies the Central Statistics Office and links to cso.ie.,"Includes every public repository in the verified namespace, including forks, documentation and archived repositories."
core,yes,high,Central Statistics Office,GitHub,CSOIreland/KeywordRepair,https://github.com/CSOIreland/KeywordRepair,https://github.com/CSOIreland/KeywordRepair.git,main,true,public,4913,https://github.com/CSOIreland,GitHub profile identifies the Central Statistics Office and links to cso.ie.,"Includes every public repository in the verified namespace, including forks, documentation and archived repositories."
core,yes,high,Central Statistics Office,GitHub,CSOIreland/LanguageUtilities,https://github.com/CSOIreland/LanguageUtilities,https://github.com/CSOIreland/LanguageUtilities.git,main,false,public,718,https://github.com/CSOIreland,GitHub profile identifies the Central Statistics Office and links to cso.ie.,"Includes every public repository in the verified namespace, including forks, documentation and archived repositories."
core,yes,high,Central Statistics Office,GitHub,CSOIreland/leaflet-choropleth,https://github.com/CSOIreland/leaflet-choropleth,https://github.com/CSOIreland/leaflet-choropleth.git,gh-pages,false,public,427,https://github.com/CSOIreland,GitHub profile identifies the Central Statistics Office and links to cso.ie.,"Includes every public repository in the verified namespace, including forks, documentation and archived repositories."
core,yes,high,Central Statistics Office,GitHub,CSOIreland/LogParse,https://github.com/CSOIreland/LogParse,https://github.com/CSOIreland/LogParse.git,main,false,public,14,https://github.com/CSOIreland,GitHub profile identifies the Central Statistics Office and links to cso.ie.,"Includes every public repository in the verified namespace, including forks, documentation and archived repositories."
core,yes,high,Central Statistics Office,GitHub,CSOIreland/open-data-viz,https://github.com/CSOIreland/open-data-viz,https://github.com/CSOIreland/open-data-viz.git,main,false,public,961,https://github.com/CSOIreland,GitHub profile identifies the Central Statistics Office and links to cso.ie.,"Includes every public repository in the verified namespace, including forks, documentation and archived repositories."
core,yes,high,Central Statistics Office,GitHub,CSOIreland/PDF-API,https://github.com/CSOIreland/PDF-API,https://github.com/CSOIreland/PDF-API.git,main,false,public,55699,https://github.com/CSOIreland,GitHub profile identifies the Central Statistics Office and links to cso.ie.,"Includes every public repository in the verified namespace, including forks, documentation and archived repositories."
core,yes,high,Central Statistics Office,GitHub,CSOIreland/Phase,https://github.com/CSOIreland/Phase,https://github.com/CSOIreland/Phase.git,main,false,public,393326,https://github.com/CSOIreland,GitHub profile identifies the Central Statistics Office and links to cso.ie.,"Includes every public repository in the verified namespace, including forks, documentation and archived repositories."
core,yes,high,Central Statistics Office,GitHub,CSOIreland/PxLanguagePlugins,https://github.com/CSOIreland/PxLanguagePlugins,https://github.com/CSOIreland/PxLanguagePlugins.git,main,false,public,74357,https://github.com/CSOIreland,GitHub profile identifies the Central Statistics Office and links to cso.ie.,"Includes every public repository in the verified namespace, including forks, documentation and archived repositories."
core,yes,high,Central Statistics Office,GitHub,CSOIreland/PXS-Standard,https://github.com/CSOIreland/PXS-Standard,https://github.com/CSOIreland/PXS-Standard.git,master,false,public,69,https://github.com/CSOIreland,GitHub profile identifies the Central Statistics Office and links to cso.ie.,"Includes every public repository in the verified namespace, including forks, documentation and archived repositories."
core,yes,high,Central Statistics Office,GitHub,CSOIreland/PxStat,https://github.com/CSOIreland/PxStat,https://github.com/CSOIreland/PxStat.git,master,false,public,301967,https://github.com/CSOIreland,GitHub profile identifies the Central Statistics Office and links to cso.ie.,"Includes every public repository in the verified namespace, including forks, documentation and archived repositories."
core,yes,high,Central Statistics Office,GitHub,CSOIreland/PxV6UpgradeScript,https://github.com/CSOIreland/PxV6UpgradeScript,https://github.com/CSOIreland/PxV6UpgradeScript.git,master,false,public,11693,https://github.com/CSOIreland,GitHub profile identifies the Central Statistics Office and links to cso.ie.,"Includes every public repository in the verified namespace, including forks, documentation and archived repositories."
core,yes,high,Central Statistics Office,GitHub,CSOIreland/PxWidget,https://github.com/CSOIreland/PxWidget,https://github.com/CSOIreland/PxWidget.git,master,false,public,372,https://github.com/CSOIreland,GitHub profile identifies the Central Statistics Office and links to cso.ie.,"Includes every public repository in the verified namespace, including forks, documentation and archived repositories."
core,yes,high,Central Statistics Office,GitHub,CSOIreland/Server-API-Library,https://github.com/CSOIreland/Server-API-Library,https://github.com/CSOIreland/Server-API-Library.git,master,false,public,429490,https://github.com/CSOIreland,GitHub profile identifies the Central Statistics Office and links to cso.ie.,"Includes every public repository in the verified namespace, including forks, documentation and archived repositories."
core,yes,high,Central Statistics Office,GitHub,CSOIreland/T4-SDK,https://github.com/CSOIreland/T4-SDK,https://github.com/CSOIreland/T4-SDK.git,main,false,public,4359,https://github.com/CSOIreland,GitHub profile identifies the Central Statistics Office and links to cso.ie.,"Includes every public repository in the verified namespace, including forks, documentation and archived repositories."
core,yes,high,Central Statistics Office,GitHub,CSOIreland/TinyMCE,https://github.com/CSOIreland/TinyMCE,https://github.com/CSOIreland/TinyMCE.git,main,false,public,2146,https://github.com/CSOIreland,GitHub profile identifies the Central Statistics Office and links to cso.ie.,"Includes every public repository in the verified namespace, including forks, documentation and archived repositories."
core,yes,high,Geological Survey Ireland,GitHub,Geological-Survey-Ireland/Hyperspectral,https://github.com/Geological-Survey-Ireland/Hyperspectral,https://github.com/Geological-Survey-Ireland/Hyperspectral.git,main,false,public,11913,https://github.com/Geological-Survey-Ireland,Profile identifies Geological Survey Ireland; repositories describe GSI projects.,"Includes every public repository in the verified namespace, including forks, documentation and archived repositories."
core,yes,high,Geological Survey Ireland,GitHub,Geological-Survey-Ireland/ML_models,https://github.com/Geological-Survey-Ireland/ML_models,https://github.com/Geological-Survey-Ireland/ML_models.git,main,false,public,808,https://github.com/Geological-Survey-Ireland,Profile identifies Geological Survey Ireland; repositories describe GSI projects.,"Includes every public repository in the verified namespace, including forks, documentation and archived repositories."
core,yes,high,Health Service Executive,GitHub,HSEIreland/covid-green-backend-api,https://github.com/HSEIreland/covid-green-backend-api,https://github.com/HSEIreland/covid-green-backend-api.git,current,true,public,318,https://government.github.com/community/,Listed for Ireland in GitHub's government community directory.,"Includes every public repository in the verified namespace, including forks, documentation and archived repositories."
core,yes,high,Health Service Executive,GitHub,HSEIreland/covid-green-infra,https://github.com/HSEIreland/covid-green-infra,https://github.com/HSEIreland/covid-green-infra.git,current,true,public,1064,https://government.github.com/community/,Listed for Ireland in GitHub's government community directory.,"Includes every public repository in the verified namespace, including forks, documentation and archived repositories."
core,yes,high,Health Service Executive,GitHub,HSEIreland/covid-green-interoperability-infra,https://github.com/HSEIreland/covid-green-interoperability-infra,https://github.com/HSEIreland/covid-green-interoperability-infra.git,current,true,public,33,https://government.github.com/community/,Listed for Ireland in GitHub's government community directory.,"Includes every public repository in the verified namespace, including forks, documentation and archived repositories."
core,yes,high,Health Service Executive,GitHub,HSEIreland/covid-green-interoperability-service,https://github.com/HSEIreland/covid-green-interoperability-service,https://github.com/HSEIreland/covid-green-interoperability-service.git,current,true,public,121,https://government.github.com/community/,Listed for Ireland in GitHub's government community directory.,"Includes every public repository in the verified namespace, including forks, documentation and archived repositories."
core,yes,high,Health Service Executive,GitHub,HSEIreland/covid-green-lambdas,https://github.com/HSEIreland/covid-green-lambdas,https://github.com/HSEIreland/covid-green-lambdas.git,current,true,public,173,https://government.github.com/community/,Listed for Ireland in GitHub's government community directory.,"Includes every public repository in the verified namespace, including forks, documentation and archived repositories."
core,yes,high,Health Service Executive,GitHub,HSEIreland/covid-green-push-api,https://github.com/HSEIreland/covid-green-push-api,https://github.com/HSEIreland/covid-green-push-api.git,current,true,public,167,https://government.github.com/community/,Listed for Ireland in GitHub's government community directory.,"Includes every public repository in the verified namespace, including forks, documentation and archived repositories."
core,yes,high,Health Service Executive,GitHub,HSEIreland/covid-tracker-app,https://github.com/HSEIreland/covid-tracker-app,https://github.com/HSEIreland/covid-tracker-app.git,main,true,public,4412,https://government.github.com/community/,Listed for Ireland in GitHub's government community directory.,"Includes every public repository in the verified namespace, including forks, documentation and archived repositories."
core,yes,high,Health Service Executive,GitHub,HSEIreland/covid-tracker-backend-api,https://github.com/HSEIreland/covid-tracker-backend-api,https://github.com/HSEIreland/covid-tracker-backend-api.git,master,true,public,512,https://government.github.com/community/,Listed for Ireland in GitHub's government community directory.,"Includes every public repository in the verified namespace, including forks, documentation and archived repositories."
core,yes,high,Health Service Executive,GitHub,HSEIreland/covid-tracker-infra,https://github.com/HSEIreland/covid-tracker-infra,https://github.com/HSEIreland/covid-tracker-infra.git,master,true,public,880,https://government.github.com/community/,Listed for Ireland in GitHub's government community directory.,"Includes every public repository in the verified namespace, including forks, documentation and archived repositories."
core,yes,high,Health Service Executive,GitHub,HSEIreland/covid-tracker-lambdas,https://github.com/HSEIreland/covid-tracker-lambdas,https://github.com/HSEIreland/covid-tracker-lambdas.git,master,true,public,20,https://government.github.com/community/,Listed for Ireland in GitHub's government community directory.,"Includes every public repository in the verified namespace, including forks, documentation and archived repositories."
core,yes,high,Health Service Executive,GitHub,HSEIreland/covid-tracker-push-api,https://github.com/HSEIreland/covid-tracker-push-api,https://github.com/HSEIreland/covid-tracker-push-api.git,master,true,public,102,https://government.github.com/community/,Listed for Ireland in GitHub's government community directory.,"Includes every public repository in the verified namespace, including forks, documentation and archived repositories."
core,yes,high,Health Service Executive,GitHub,HSEIreland/covidtracker-documentation,https://github.com/HSEIreland/covidtracker-documentation,https://github.com/HSEIreland/covidtracker-documentation.git,master,true,public,11523,https://government.github.com/community/,Listed for Ireland in GitHub's government community directory.,"Includes every public repository in the verified namespace, including forks, documentation and archived repositories."
core,yes,high,Health Service Executive,GitHub,HSEIreland/hse-healthapp-test-fhir-server,https://github.com/HSEIreland/hse-healthapp-test-fhir-server,https://github.com/HSEIreland/hse-healthapp-test-fhir-server.git,main,true,public,119200,https://government.github.com/community/,Listed for Ireland in GitHub's government community directory.,"Includes every public repository in the verified namespace, including forks, documentation and archived repositories."
core,yes,high,Health Service Executive,GitHub,HSEIreland/react-native-exposure-notification-service,https://github.com/HSEIreland/react-native-exposure-notification-service,https://github.com/HSEIreland/react-native-exposure-notification-service.git,master,true,public,1128,https://government.github.com/community/,Listed for Ireland in GitHub's government community directory.,"Includes every public repository in the verified namespace, including forks, documentation and archived repositories."
core,yes,high,Health Service Executive,GitHub,HSEIreland/react-native-exposure-notification-service-1,https://github.com/HSEIreland/react-native-exposure-notification-service-1,https://github.com/HSEIreland/react-native-exposure-notification-service-1.git,current,true,public,2606,https://government.github.com/community/,Listed for Ireland in GitHub's government community directory.,"Includes every public repository in the verified namespace, including forks, documentation and archived repositories."
core,yes,high,Marine Institute,GitHub,IrishMarineInstitute/adcpvis,https://github.com/IrishMarineInstitute/adcpvis,https://github.com/IrishMarineInstitute/adcpvis.git,master,false,public,1334,https://github.com/IrishMarineInstitute/digital-stockbook,Repository documentation identifies Marine Institute projects and uses an @marine.ie contact.,"Includes every public repository in the verified namespace, including forks, documentation and archived repositories."
core,yes,high,Marine Institute,GitHub,IrishMarineInstitute/adrift,https://github.com/IrishMarineInstitute/adrift,https://github.com/IrishMarineInstitute/adrift.git,master,false,public,3675,https://github.com/IrishMarineInstitute/digital-stockbook,Repository documentation identifies Marine Institute projects and uses an @marine.ie contact.,"Includes every public repository in the verified namespace, including forks, documentation and archived repositories."
core,yes,high,Marine Institute,GitHub,IrishMarineInstitute/aggrerdap,https://github.com/IrishMarineInstitute/aggrerdap,https://github.com/IrishMarineInstitute/aggrerdap.git,master,false,public,31,https://github.com/IrishMarineInstitute/digital-stockbook,Repository documentation identifies Marine Institute projects and uses an @marine.ie contact.,"Includes every public repository in the verified namespace, including forks, documentation and archived repositories."
core,yes,high,Marine Institute,GitHub,IrishMarineInstitute/argo-vis,https://github.com/IrishMarineInstitute/argo-vis,https://github.com/IrishMarineInstitute/argo-vis.git,master,false,public,8711,https://github.com/IrishMarineInstitute/digital-stockbook,Repository documentation identifies Marine Institute projects and uses an @marine.ie contact.,"Includes every public repository in the verified namespace, including forks, documentation and archived repositories."
core,yes,high,Marine Institute,GitHub,IrishMarineInstitute/argoCollector,https://github.com/IrishMarineInstitute/argoCollector,https://github.com/IrishMarineInstitute/argoCollector.git,master,false,public,47,https://github.com/IrishMarineInstitute/digital-stockbook,Repository documentation identifies Marine Institute projects and uses an @marine.ie contact.,"Includes every public repository in the verified namespace, including forks, documentation and archived repositories."
core,yes,high,Marine Institute,GitHub,IrishMarineInstitute/awesome-erddap,https://github.com/IrishMarineInstitute/awesome-erddap,https://github.com/IrishMarineInstitute/awesome-erddap.git,master,false,public,290,https://github.com/IrishMarineInstitute/digital-stockbook,Repository documentation identifies Marine Institute projects and uses an @marine.ie contact.,"Includes every public repository in the verified namespace, including forks, documentation and archived repositories."
core,yes,high,Marine Institute,GitHub,IrishMarineInstitute/bulletin-scripts,https://github.com/IrishMarineInstitute/bulletin-scripts,https://github.com/IrishMarineInstitute/bulletin-scripts.git,master,false,public,27,https://github.com/IrishMarineInstitute/digital-stockbook,Repository documentation identifies Marine Institute projects and uses an @marine.ie contact.,"Includes every public repository in the verified namespace, including forks, documentation and archived repositories."
core,yes,high,Marine Institute,GitHub,IrishMarineInstitute/BurishooleLTER-Public,https://github.com/IrishMarineInstitute/BurishooleLTER-Public,https://github.com/IrishMarineInstitute/BurishooleLTER-Public.git,master,false,public,41019,https://github.com/IrishMarineInstitute/digital-stockbook,Repository documentation identifies Marine Institute projects and uses an @marine.ie contact.,"Includes every public repository in the verified namespace, including forks, documentation and archived repositories."
core,yes,high,Marine Institute,GitHub,IrishMarineInstitute/celtic_sea_sensitivity_analysis,https://github.com/IrishMarineInstitute/celtic_sea_sensitivity_analysis,https://github.com/IrishMarineInstitute/celtic_sea_sensitivity_analysis.git,main,false,public,343385,https://github.com/IrishMarineInstitute/digital-stockbook,Repository documentation identifies Marine Institute projects and uses an @marine.ie contact.,"Includes every public repository in the verified namespace, including forks, documentation and archived repositories."
core,yes,high,Marine Institute,GitHub,IrishMarineInstitute/ClimFish,https://github.com/IrishMarineInstitute/ClimFish,https://github.com/IrishMarineInstitute/ClimFish.git,main,false,public,3,https://github.com/IrishMarineInstitute/digital-stockbook,Repository documentation identifies Marine Institute projects and uses an @marine.ie contact.,"Includes every public repository in the verified namespace, including forks, documentation and archived repositories."
core,yes,high,Marine Institute,GitHub,IrishMarineInstitute/cod-tagging,https://github.com/IrishMarineInstitute/cod-tagging,https://github.com/IrishMarineInstitute/cod-tagging.git,master,false,public,1867,https://github.com/IrishMarineInstitute/digital-stockbook,Repository documentation identifies Marine Institute projects and uses an @marine.ie contact.,"Includes every public repository in the verified namespace, including forks, documentation and archived repositories."
core,yes,high,Marine Institute,GitHub,IrishMarineInstitute/connectiq-ido,https://github.com/IrishMarineInstitute/connectiq-ido,https://github.com/IrishMarineInstitute/connectiq-ido.git,master,false,public,54,https://github.com/IrishMarineInstitute/digital-stockbook,Repository documentation identifies Marine Institute projects and uses an @marine.ie contact.,"Includes every public repository in the verified namespace, including forks, documentation and archived repositories."
core,yes,high,Marine Institute,GitHub,IrishMarineInstitute/data_process_access,https://github.com/IrishMarineInstitute/data_process_access,https://github.com/IrishMarineInstitute/data_process_access.git,main,false,public,2,https://github.com/IrishMarineInstitute/digital-stockbook,Repository documentation identifies Marine Institute projects and uses an @marine.ie contact.,"Includes every public repository in the verified namespace, including forks, documentation and archived repositories."
core,yes,high,Marine Institute,GitHub,IrishMarineInstitute/data_visualisations,https://github.com/IrishMarineInstitute/data_visualisations,https://github.com/IrishMarineInstitute/data_visualisations.git,main,false,public,237162,https://github.com/IrishMarineInstitute/digital-stockbook,Repository documentation identifies Marine Institute projects and uses an @marine.ie contact.,"Includes every public repository in the verified namespace, including forks, documentation and archived repositories."
core,yes,high,Marine Institute,GitHub,IrishMarineInstitute/data.marine.ie,https://github.com/IrishMarineInstitute/data.marine.ie,https://github.com/IrishMarineInstitute/data.marine.ie.git,master,false,public,673,https://github.com/IrishMarineInstitute/digital-stockbook,Repository documentation identifies Marine Institute projects and uses an @marine.ie contact.,"Includes every public repository in the verified namespace, including forks, documentation and archived repositories."
core,yes,high,Marine Institute,GitHub,IrishMarineInstitute/datasetsxml,https://github.com/IrishMarineInstitute/datasetsxml,https://github.com/IrishMarineInstitute/datasetsxml.git,master,false,public,8,https://github.com/IrishMarineInstitute/digital-stockbook,Repository documentation identifies Marine Institute projects and uses an @marine.ie contact.,"Includes every public repository in the verified namespace, including forks, documentation and archived repositories."
core,yes,high,Marine Institute,GitHub,IrishMarineInstitute/DATRASDownloadR,https://github.com/IrishMarineInstitute/DATRASDownloadR,https://github.com/IrishMarineInstitute/DATRASDownloadR.git,main,false,public,7,https://github.com/IrishMarineInstitute/digital-stockbook,Repository documentation identifies Marine Institute projects and uses an @marine.ie contact.,"Includes every public repository in the verified namespace, including forks, documentation and archived repositories."
core,yes,high,Marine Institute,GitHub,IrishMarineInstitute/digital-stockbook,https://github.com/IrishMarineInstitute/digital-stockbook,https://github.com/IrishMarineInstitute/digital-stockbook.git,master,false,public,457347,https://github.com/IrishMarineInstitute/digital-stockbook,Repository documentation identifies Marine Institute projects and uses an @marine.ie contact.,"Includes every public repository in the verified namespace, including forks, documentation and archived repositories."
core,yes,high,Marine Institute,GitHub,IrishMarineInstitute/dm,https://github.com/IrishMarineInstitute/dm,https://github.com/IrishMarineInstitute/dm.git,master,true,public,101,https://github.com/IrishMarineInstitute/digital-stockbook,Repository documentation identifies Marine Institute projects and uses an @marine.ie contact.,"Includes every public repository in the verified namespace, including forks, documentation and archived repositories."
core,yes,high,Marine Institute,GitHub,IrishMarineInstitute/dm.belmullet2tcp,https://github.com/IrishMarineInstitute/dm.belmullet2tcp,https://github.com/IrishMarineInstitute/dm.belmullet2tcp.git,master,false,public,1,https://github.com/IrishMarineInstitute/digital-stockbook,Repository documentation identifies Marine Institute projects and uses an @marine.ie contact.,"Includes every public repository in the verified namespace, including forks, documentation and archived repositories."
core,yes,high,Marine Institute,GitHub,IrishMarineInstitute/dm.compass,https://github.com/IrishMarineInstitute/dm.compass,https://github.com/IrishMarineInstitute/dm.compass.git,master,false,public,76,https://github.com/IrishMarineInstitute/digital-stockbook,Repository documentation identifies Marine Institute projects and uses an @marine.ie contact.,"Includes every public repository in the verified namespace, including forks, documentation and archived repositories."
core,yes,high,Marine Institute,GitHub,IrishMarineInstitute/dm.dashboard,https://github.com/IrishMarineInstitute/dm.dashboard,https://github.com/IrishMarineInstitute/dm.dashboard.git,master,true,public,866,https://github.com/IrishMarineInstitute/digital-stockbook,Repository documentation identifies Marine Institute projects and uses an @marine.ie contact.,"Includes every public repository in the verified namespace, including forks, documentation and archived repositories."
core,yes,high,Marine Institute,GitHub,IrishMarineInstitute/dm.rinvilleaiskplex,https://github.com/IrishMarineInstitute/dm.rinvilleaiskplex,https://github.com/IrishMarineInstitute/dm.rinvilleaiskplex.git,master,false,public,1,https://github.com/IrishMarineInstitute/digital-stockbook,Repository documentation identifies Marine Institute projects and uses an @marine.ie contact.,"Includes every public repository in the verified namespace, including forks, documentation and archived repositories."
core,yes,high,Marine Institute,GitHub,IrishMarineInstitute/dm.vector,https://github.com/IrishMarineInstitute/dm.vector,https://github.com/IrishMarineInstitute/dm.vector.git,master,false,public,806,https://github.com/IrishMarineInstitute/digital-stockbook,Repository documentation identifies Marine Institute projects and uses an @marine.ie contact.,"Includes every public repository in the verified namespace, including forks, documentation and archived repositories."
core,yes,high,Marine Institute,GitHub,IrishMarineInstitute/docker-argo-erddap,https://github.com/IrishMarineInstitute/docker-argo-erddap,https://github.com/IrishMarineInstitute/docker-argo-erddap.git,master,false,public,24,https://github.com/IrishMarineInstitute/digital-stockbook,Repository documentation identifies Marine Institute projects and uses an @marine.ie contact.,"Includes every public repository in the verified namespace, including forks, documentation and archived repositories."
core,yes,high,Marine Institute,GitHub,IrishMarineInstitute/docker-erddap,https://github.com/IrishMarineInstitute/docker-erddap,https://github.com/IrishMarineInstitute/docker-erddap.git,master,false,public,21,https://github.com/IrishMarineInstitute/digital-stockbook,Repository documentation identifies Marine Institute projects and uses an @marine.ie contact.,"Includes every public repository in the verified namespace, including forks, documentation and archived repositories."
core,yes,high,Marine Institute,GitHub,IrishMarineInstitute/ecosystem_case,https://github.com/IrishMarineInstitute/ecosystem_case,https://github.com/IrishMarineInstitute/ecosystem_case.git,master,false,public,1212459,https://github.com/IrishMarineInstitute/digital-stockbook,Repository documentation identifies Marine Institute projects and uses an @marine.ie contact.,"Includes every public repository in the verified namespace, including forks, documentation and archived repositories."
core,yes,high,Marine Institute,GitHub,IrishMarineInstitute/erddap-datasets-index,https://github.com/IrishMarineInstitute/erddap-datasets-index,https://github.com/IrishMarineInstitute/erddap-datasets-index.git,master,false,public,41,https://github.com/IrishMarineInstitute/digital-stockbook,Repository documentation identifies Marine Institute projects and uses an @marine.ie contact.,"Includes every public repository in the verified namespace, including forks, documentation and archived repositories."
core,yes,high,Marine Institute,GitHub,IrishMarineInstitute/erddap-js,https://github.com/IrishMarineInstitute/erddap-js,https://github.com/IrishMarineInstitute/erddap-js.git,master,false,public,2638,https://github.com/IrishMarineInstitute/digital-stockbook,Repository documentation identifies Marine Institute projects and uses an @marine.ie contact.,"Includes every public repository in the verified namespace, including forks, documentation and archived repositories."
core,yes,high,Marine Institute,GitHub,IrishMarineInstitute/erddap-leaflet-velocity-demo,https://github.com/IrishMarineInstitute/erddap-leaflet-velocity-demo,https://github.com/IrishMarineInstitute/erddap-leaflet-velocity-demo.git,main,false,public,191,https://github.com/IrishMarineInstitute/digital-stockbook,Repository documentation identifies Marine Institute projects and uses an @marine.ie contact.,"Includes every public repository in the verified namespace, including forks, documentation and archived repositories."
core,yes,high,Marine Institute,GitHub,IrishMarineInstitute/erddap-lint,https://github.com/IrishMarineInstitute/erddap-lint,https://github.com/IrishMarineInstitute/erddap-lint.git,master,false,public,399,https://github.com/IrishMarineInstitute/digital-stockbook,Repository documentation identifies Marine Institute projects and uses an @marine.ie contact.,"Includes every public repository in the verified namespace, including forks, documentation and archived repositories."
core,yes,high,Marine Institute,GitHub,IrishMarineInstitute/erddap-query-alt-form,https://github.com/IrishMarineInstitute/erddap-query-alt-form,https://github.com/IrishMarineInstitute/erddap-query-alt-form.git,master,false,public,2264,https://github.com/IrishMarineInstitute/digital-stockbook,Repository documentation identifies Marine Institute projects and uses an @marine.ie contact.,"Includes every public repository in the verified namespace, including forks, documentation and archived repositories."
core,yes,high,Marine Institute,GitHub,IrishMarineInstitute/Erddap-Voxel-Space,https://github.com/IrishMarineInstitute/Erddap-Voxel-Space,https://github.com/IrishMarineInstitute/Erddap-Voxel-Space.git,master,false,public,105942,https://github.com/IrishMarineInstitute/digital-stockbook,Repository documentation identifies Marine Institute projects and uses an @marine.ie contact.,"Includes every public repository in the verified namespace, including forks, documentation and archived repositories."
core,yes,high,Marine Institute,GitHub,IrishMarineInstitute/erddap-web-components,https://github.com/IrishMarineInstitute/erddap-web-components,https://github.com/IrishMarineInstitute/erddap-web-components.git,master,false,public,285,https://github.com/IrishMarineInstitute/digital-stockbook,Repository documentation identifies Marine Institute projects and uses an @marine.ie contact.,"Includes every public repository in the verified namespace, including forks, documentation and archived repositories."
core,yes,high,Marine Institute,GitHub,IrishMarineInstitute/ESMValCore,https://github.com/IrishMarineInstitute/ESMValCore,https://github.com/IrishMarineInstitute/ESMValCore.git,main,false,public,141801,https://github.com/IrishMarineInstitute/digital-stockbook,Repository documentation identifies Marine Institute projects and uses an @marine.ie contact.,"Includes every public repository in the verified namespace, including forks, documentation and archived repositories."
core,yes,high,Marine Institute,GitHub,IrishMarineInstitute/ESMValTool,https://github.com/IrishMarineInstitute/ESMValTool,https://github.com/IrishMarineInstitute/ESMValTool.git,main,false,public,233845,https://github.com/IrishMarineInstitute/digital-stockbook,Repository documentation identifies Marine Institute projects and uses an @marine.ie contact.,"Includes every public repository in the verified namespace, including forks, documentation and archived repositories."
core,yes,high,Marine Institute,GitHub,IrishMarineInstitute/EuroSea,https://github.com/IrishMarineInstitute/EuroSea,https://github.com/IrishMarineInstitute/EuroSea.git,main,false,public,37147,https://github.com/IrishMarineInstitute/digital-stockbook,Repository documentation identifies Marine Institute projects and uses an @marine.ie contact.,"Includes every public repository in the verified namespace, including forks, documentation and archived repositories."
core,yes,high,Marine Institute,GitHub,IrishMarineInstitute/eurosea_historical_data_web,https://github.com/IrishMarineInstitute/eurosea_historical_data_web,https://github.com/IrishMarineInstitute/eurosea_historical_data_web.git,main,false,public,2280,https://github.com/IrishMarineInstitute/digital-stockbook,Repository documentation identifies Marine Institute projects and uses an @marine.ie contact.,"Includes every public repository in the verified namespace, including forks, documentation and archived repositories."
core,yes,high,Marine Institute,GitHub,IrishMarineInstitute/feas_info_tagging,https://github.com/IrishMarineInstitute/feas_info_tagging,https://github.com/IrishMarineInstitute/feas_info_tagging.git,main,false,public,928,https://github.com/IrishMarineInstitute/digital-stockbook,Repository documentation identifies Marine Institute projects and uses an @marine.ie contact.,"Includes every public repository in the verified namespace, including forks, documentation and archived repositories."
core,yes,high,Marine Institute,GitHub,IrishMarineInstitute/freeboard,https://github.com/IrishMarineInstitute/freeboard,https://github.com/IrishMarineInstitute/freeboard.git,master,false,public,3072,https://github.com/IrishMarineInstitute/digital-stockbook,Repository documentation identifies Marine Institute projects and uses an @marine.ie contact.,"Includes every public repository in the verified namespace, including forks, documentation and archived repositories."
core,yes,high,Marine Institute,GitHub,IrishMarineInstitute/Galway-Bay-QR,https://github.com/IrishMarineInstitute/Galway-Bay-QR,https://github.com/IrishMarineInstitute/Galway-Bay-QR.git,main,false,public,324,https://github.com/IrishMarineInstitute/digital-stockbook,Repository documentation identifies Marine Institute projects and uses an @marine.ie contact.,"Includes every public repository in the verified namespace, including forks, documentation and archived repositories."
core,yes,high,Marine Institute,GitHub,IrishMarineInstitute/gdxify,https://github.com/IrishMarineInstitute/gdxify,https://github.com/IrishMarineInstitute/gdxify.git,master,false,public,0,https://github.com/IrishMarineInstitute/digital-stockbook,Repository documentation identifies Marine Institute projects and uses an @marine.ie contact.,"Includes every public repository in the verified namespace, including forks, documentation and archived repositories."
core,yes,high,Marine Institute,GitHub,IrishMarineInstitute/geocalculator-,https://github.com/IrishMarineInstitute/geocalculator-,https://github.com/IrishMarineInstitute/geocalculator-.git,master,false,public,362,https://github.com/IrishMarineInstitute/digital-stockbook,Repository documentation identifies Marine Institute projects and uses an @marine.ie contact.,"Includes every public repository in the verified namespace, including forks, documentation and archived repositories."
core,yes,high,Marine Institute,GitHub,IrishMarineInstitute/geoserver-voxel-space,https://github.com/IrishMarineInstitute/geoserver-voxel-space,https://github.com/IrishMarineInstitute/geoserver-voxel-space.git,master,false,public,8,https://github.com/IrishMarineInstitute/digital-stockbook,Repository documentation identifies Marine Institute projects and uses an @marine.ie contact.,"Includes every public repository in the verified namespace, including forks, documentation and archived repositories."
core,yes,high,Marine Institute,GitHub,IrishMarineInstitute/graphqldap_v1_examples,https://github.com/IrishMarineInstitute/graphqldap_v1_examples,https://github.com/IrishMarineInstitute/graphqldap_v1_examples.git,master,false,public,167,https://github.com/IrishMarineInstitute/digital-stockbook,Repository documentation identifies Marine Institute projects and uses an @marine.ie contact.,"Includes every public repository in the verified namespace, including forks, documentation and archived repositories."
core,yes,high,Marine Institute,GitHub,IrishMarineInstitute/grok-raw-inst,https://github.com/IrishMarineInstitute/grok-raw-inst,https://github.com/IrishMarineInstitute/grok-raw-inst.git,master,false,public,10,https://github.com/IrishMarineInstitute/digital-stockbook,Repository documentation identifies Marine Institute projects and uses an @marine.ie contact.,"Includes every public repository in the verified namespace, including forks, documentation and archived repositories."
core,yes,high,Marine Institute,GitHub,IrishMarineInstitute/hydrophonewaterfall,https://github.com/IrishMarineInstitute/hydrophonewaterfall,https://github.com/IrishMarineInstitute/hydrophonewaterfall.git,master,false,public,136,https://github.com/IrishMarineInstitute/digital-stockbook,Repository documentation identifies Marine Institute projects and uses an @marine.ie contact.,"Includes every public repository in the verified namespace, including forks, documentation and archived repositories."
core,yes,high,Marine Institute,GitHub,IrishMarineInstitute/ICES2NVS_semantic_map,https://github.com/IrishMarineInstitute/ICES2NVS_semantic_map,https://github.com/IrishMarineInstitute/ICES2NVS_semantic_map.git,main,false,public,3063,https://github.com/IrishMarineInstitute/digital-stockbook,Repository documentation identifies Marine Institute projects and uses an @marine.ie contact.,"Includes every public repository in the verified namespace, including forks, documentation and archived repositories."
core,yes,high,Marine Institute,GitHub,IrishMarineInstitute/ido.api,https://github.com/IrishMarineInstitute/ido.api,https://github.com/IrishMarineInstitute/ido.api.git,master,false,public,22,https://github.com/IrishMarineInstitute/digital-stockbook,Repository documentation identifies Marine Institute projects and uses an @marine.ie contact.,"Includes every public repository in the verified namespace, including forks, documentation and archived repositories."
core,yes,high,Marine Institute,GitHub,IrishMarineInstitute/ido.js,https://github.com/IrishMarineInstitute/ido.js,https://github.com/IrishMarineInstitute/ido.js.git,master,true,public,629,https://github.com/IrishMarineInstitute/digital-stockbook,Repository documentation identifies Marine Institute projects and uses an @marine.ie contact.,"Includes every public repository in the verified namespace, including forks, documentation and archived repositories."
core,yes,high,Marine Institute,GitHub,IrishMarineInstitute/IFBA,https://github.com/IrishMarineInstitute/IFBA,https://github.com/IrishMarineInstitute/IFBA.git,master,false,public,80873,https://github.com/IrishMarineInstitute/digital-stockbook,Repository documentation identifies Marine Institute projects and uses an @marine.ie contact.,"Includes every public repository in the verified namespace, including forks, documentation and archived repositories."
core,yes,high,Marine Institute,GitHub,IrishMarineInstitute/igfs-data-explorer,https://github.com/IrishMarineInstitute/igfs-data-explorer,https://github.com/IrishMarineInstitute/igfs-data-explorer.git,master,false,public,177535,https://github.com/IrishMarineInstitute/digital-stockbook,Repository documentation identifies Marine Institute projects and uses an @marine.ie contact.,"Includes every public repository in the verified namespace, including forks, documentation and archived repositories."
core,yes,high,Marine Institute,GitHub,IrishMarineInstitute/igfstest,https://github.com/IrishMarineInstitute/igfstest,https://github.com/IrishMarineInstitute/igfstest.git,master,false,public,22547,https://github.com/IrishMarineInstitute/digital-stockbook,Repository documentation identifies Marine Institute projects and uses an @marine.ie contact.,"Includes every public repository in the verified namespace, including forks, documentation and archived repositories."
core,yes,high,Marine Institute,GitHub,IrishMarineInstitute/IliadHackathonDTO-SeaLlama,https://github.com/IrishMarineInstitute/IliadHackathonDTO-SeaLlama,https://github.com/IrishMarineInstitute/IliadHackathonDTO-SeaLlama.git,main,false,public,4883,https://github.com/IrishMarineInstitute/digital-stockbook,Repository documentation identifies Marine Institute projects and uses an @marine.ie contact.,"Includes every public repository in the verified namespace, including forks, documentation and archived repositories."
core,yes,high,Marine Institute,GitHub,IrishMarineInstitute/Image-annotation-R-Shiny-app,https://github.com/IrishMarineInstitute/Image-annotation-R-Shiny-app,https://github.com/IrishMarineInstitute/Image-annotation-R-Shiny-app.git,master,false,public,18804,https://github.com/IrishMarineInstitute/digital-stockbook,Repository documentation identifies Marine Institute projects and uses an @marine.ie contact.,"Includes every public repository in the verified namespace, including forks, documentation and archived repositories."
core,yes,high,Marine Institute,GitHub,IrishMarineInstitute/infomar-leaflet-viewers,https://github.com/IrishMarineInstitute/infomar-leaflet-viewers,https://github.com/IrishMarineInstitute/infomar-leaflet-viewers.git,master,false,public,38615,https://github.com/IrishMarineInstitute/digital-stockbook,Repository documentation identifies Marine Institute projects and uses an @marine.ie contact.,"Includes every public repository in the verified namespace, including forks, documentation and archived repositories."
core,yes,high,Marine Institute,GitHub,IrishMarineInstitute/irish_sea_sensitivity_analysis,https://github.com/IrishMarineInstitute/irish_sea_sensitivity_analysis,https://github.com/IrishMarineInstitute/irish_sea_sensitivity_analysis.git,main,false,public,269714,https://github.com/IrishMarineInstitute/digital-stockbook,Repository documentation identifies Marine Institute projects and uses an @marine.ie contact.,"Includes every public repository in the verified namespace, including forks, documentation and archived repositories."
core,yes,high,Marine Institute,GitHub,IrishMarineInstitute/iVMS_public,https://github.com/IrishMarineInstitute/iVMS_public,https://github.com/IrishMarineInstitute/iVMS_public.git,master,false,public,12341,https://github.com/IrishMarineInstitute/digital-stockbook,Repository documentation identifies Marine Institute projects and uses an @marine.ie contact.,"Includes every public repository in the verified namespace, including forks, documentation and archived repositories."
core,yes,high,Marine Institute,GitHub,IrishMarineInstitute/kplex,https://github.com/IrishMarineInstitute/kplex,https://github.com/IrishMarineInstitute/kplex.git,master,false,public,416,https://github.com/IrishMarineInstitute/digital-stockbook,Repository documentation identifies Marine Institute projects and uses an @marine.ie contact.,"Includes every public repository in the verified namespace, including forks, documentation and archived repositories."
core,yes,high,Marine Institute,GitHub,IrishMarineInstitute/marine-data-linter,https://github.com/IrishMarineInstitute/marine-data-linter,https://github.com/IrishMarineInstitute/marine-data-linter.git,master,false,public,0,https://github.com/IrishMarineInstitute/digital-stockbook,Repository documentation identifies Marine Institute projects and uses an @marine.ie contact.,"Includes every public repository in the verified namespace, including forks, documentation and archived repositories."
core,yes,high,Marine Institute,GitHub,IrishMarineInstitute/Marine-Heat-Waves,https://github.com/IrishMarineInstitute/Marine-Heat-Waves,https://github.com/IrishMarineInstitute/Marine-Heat-Waves.git,main,false,public,1103,https://github.com/IrishMarineInstitute/digital-stockbook,Repository documentation identifies Marine Institute projects and uses an @marine.ie contact.,"Includes every public repository in the verified namespace, including forks, documentation and archived repositories."
core,yes,high,Marine Institute,GitHub,IrishMarineInstitute/metadata-profile-for-marine-plans,https://github.com/IrishMarineInstitute/metadata-profile-for-marine-plans,https://github.com/IrishMarineInstitute/metadata-profile-for-marine-plans.git,main,false,public,826,https://github.com/IrishMarineInstitute/digital-stockbook,Repository documentation identifies Marine Institute projects and uses an @marine.ie contact.,"Includes every public repository in the verified namespace, including forks, documentation and archived repositories."
core,yes,high,Marine Institute,GitHub,IrishMarineInstitute/mi-ctd-data-processing,https://github.com/IrishMarineInstitute/mi-ctd-data-processing,https://github.com/IrishMarineInstitute/mi-ctd-data-processing.git,main,false,public,43014,https://github.com/IrishMarineInstitute/digital-stockbook,Repository documentation identifies Marine Institute projects and uses an @marine.ie contact.,"Includes every public repository in the verified namespace, including forks, documentation and archived repositories."
core,yes,high,Marine Institute,GitHub,IrishMarineInstitute/model-v,https://github.com/IrishMarineInstitute/model-v,https://github.com/IrishMarineInstitute/model-v.git,master,false,public,10298,https://github.com/IrishMarineInstitute/digital-stockbook,Repository documentation identifies Marine Institute projects and uses an @marine.ie contact.,"Includes every public repository in the verified namespace, including forks, documentation and archived repositories."
core,yes,high,Marine Institute,GitHub,IrishMarineInstitute/mydas2,https://github.com/IrishMarineInstitute/mydas2,https://github.com/IrishMarineInstitute/mydas2.git,main,false,public,0,https://github.com/IrishMarineInstitute/digital-stockbook,Repository documentation identifies Marine Institute projects and uses an @marine.ie contact.,"Includes every public repository in the verified namespace, including forks, documentation and archived repositories."
core,yes,high,Marine Institute,GitHub,IrishMarineInstitute/national-oceanographic-data-centre,https://github.com/IrishMarineInstitute/national-oceanographic-data-centre,https://github.com/IrishMarineInstitute/national-oceanographic-data-centre.git,master,false,public,5224,https://github.com/IrishMarineInstitute/digital-stockbook,Repository documentation identifies Marine Institute projects and uses an @marine.ie contact.,"Includes every public repository in the verified namespace, including forks, documentation and archived repositories."
core,yes,high,Marine Institute,GitHub,IrishMarineInstitute/ncgraphql.js,https://github.com/IrishMarineInstitute/ncgraphql.js,https://github.com/IrishMarineInstitute/ncgraphql.js.git,master,false,public,4035,https://github.com/IrishMarineInstitute/digital-stockbook,Repository documentation identifies Marine Institute projects and uses an @marine.ie contact.,"Includes every public repository in the verified namespace, including forks, documentation and archived repositories."
core,yes,high,Marine Institute,GitHub,IrishMarineInstitute/near-ido,https://github.com/IrishMarineInstitute/near-ido,https://github.com/IrishMarineInstitute/near-ido.git,master,false,public,16,https://github.com/IrishMarineInstitute/digital-stockbook,Repository documentation identifies Marine Institute projects and uses an @marine.ie contact.,"Includes every public repository in the verified namespace, including forks, documentation and archived repositories."
core,yes,high,Marine Institute,GitHub,IrishMarineInstitute/node-red-fluorometer,https://github.com/IrishMarineInstitute/node-red-fluorometer,https://github.com/IrishMarineInstitute/node-red-fluorometer.git,master,false,public,0,https://github.com/IrishMarineInstitute/digital-stockbook,Repository documentation identifies Marine Institute projects and uses an @marine.ie contact.,"Includes every public repository in the verified namespace, including forks, documentation and archived repositories."
core,yes,high,Marine Institute,GitHub,IrishMarineInstitute/notebooks,https://github.com/IrishMarineInstitute/notebooks,https://github.com/IrishMarineInstitute/notebooks.git,master,false,public,41,https://github.com/IrishMarineInstitute/digital-stockbook,Repository documentation identifies Marine Institute projects and uses an @marine.ie contact.,"Includes every public repository in the verified namespace, including forks, documentation and archived repositories."
core,yes,high,Marine Institute,GitHub,IrishMarineInstitute/oceanmodeltoolbox,https://github.com/IrishMarineInstitute/oceanmodeltoolbox,https://github.com/IrishMarineInstitute/oceanmodeltoolbox.git,master,false,public,69373,https://github.com/IrishMarineInstitute/digital-stockbook,Repository documentation identifies Marine Institute projects and uses an @marine.ie contact.,"Includes every public repository in the verified namespace, including forks, documentation and archived repositories."
core,yes,high,Marine Institute,GitHub,IrishMarineInstitute/OGI_MIPilot,https://github.com/IrishMarineInstitute/OGI_MIPilot,https://github.com/IrishMarineInstitute/OGI_MIPilot.git,master,false,public,5916,https://github.com/IrishMarineInstitute/digital-stockbook,Repository documentation identifies Marine Institute projects and uses an @marine.ie contact.,"Includes every public repository in the verified namespace, including forks, documentation and archived repositories."
core,yes,high,Marine Institute,GitHub,IrishMarineInstitute/om,https://github.com/IrishMarineInstitute/om,https://github.com/IrishMarineInstitute/om.git,master,false,public,144,https://github.com/IrishMarineInstitute/digital-stockbook,Repository documentation identifies Marine Institute projects and uses an @marine.ie contact.,"Includes every public repository in the verified namespace, including forks, documentation and archived repositories."
core,yes,high,Marine Institute,GitHub,IrishMarineInstitute/particulate,https://github.com/IrishMarineInstitute/particulate,https://github.com/IrishMarineInstitute/particulate.git,master,false,public,1229,https://github.com/IrishMarineInstitute/digital-stockbook,Repository documentation identifies Marine Institute projects and uses an @marine.ie contact.,"Includes every public repository in the verified namespace, including forks, documentation and archived repositories."
core,yes,high,Marine Institute,GitHub,IrishMarineInstitute/pd0-parser,https://github.com/IrishMarineInstitute/pd0-parser,https://github.com/IrishMarineInstitute/pd0-parser.git,master,false,public,1354,https://github.com/IrishMarineInstitute/digital-stockbook,Repository documentation identifies Marine Institute projects and uses an @marine.ie contact.,"Includes every public repository in the verified namespace, including forks, documentation and archived repositories."
core,yes,high,Marine Institute,GitHub,IrishMarineInstitute/pipeline-sql-es,https://github.com/IrishMarineInstitute/pipeline-sql-es,https://github.com/IrishMarineInstitute/pipeline-sql-es.git,master,false,public,26012,https://github.com/IrishMarineInstitute/digital-stockbook,Repository documentation identifies Marine Institute projects and uses an @marine.ie contact.,"Includes every public repository in the verified namespace, including forks, documentation and archived repositories."
core,yes,high,Marine Institute,GitHub,IrishMarineInstitute/published-data-sets,https://github.com/IrishMarineInstitute/published-data-sets,https://github.com/IrishMarineInstitute/published-data-sets.git,master,false,public,28973,https://github.com/IrishMarineInstitute/digital-stockbook,Repository documentation identifies Marine Institute projects and uses an @marine.ie contact.,"Includes every public repository in the verified namespace, including forks, documentation and archived repositories."
core,yes,high,Marine Institute,GitHub,IrishMarineInstitute/qartod-automated-qc,https://github.com/IrishMarineInstitute/qartod-automated-qc,https://github.com/IrishMarineInstitute/qartod-automated-qc.git,main,false,public,254,https://github.com/IrishMarineInstitute/digital-stockbook,Repository documentation identifies Marine Institute projects and uses an @marine.ie contact.,"Includes every public repository in the verified namespace, including forks, documentation and archived repositories."
core,yes,high,Marine Institute,GitHub,IrishMarineInstitute/sdc-ld,https://github.com/IrishMarineInstitute/sdc-ld,https://github.com/IrishMarineInstitute/sdc-ld.git,master,false,public,2,https://github.com/IrishMarineInstitute/digital-stockbook,Repository documentation identifies Marine Institute projects and uses an @marine.ie contact.,"Includes every public repository in the verified namespace, including forks, documentation and archived repositories."
core,yes,high,Marine Institute,GitHub,IrishMarineInstitute/search-erddaps,https://github.com/IrishMarineInstitute/search-erddaps,https://github.com/IrishMarineInstitute/search-erddaps.git,master,false,public,41,https://github.com/IrishMarineInstitute/digital-stockbook,Repository documentation identifies Marine Institute projects and uses an @marine.ie contact.,"Includes every public repository in the verified namespace, including forks, documentation and archived repositories."
core,yes,high,Marine Institute,GitHub,IrishMarineInstitute/sensor-observation-service,https://github.com/IrishMarineInstitute/sensor-observation-service,https://github.com/IrishMarineInstitute/sensor-observation-service.git,master,false,public,31,https://github.com/IrishMarineInstitute/digital-stockbook,Repository documentation identifies Marine Institute projects and uses an @marine.ie contact.,"Includes every public repository in the verified namespace, including forks, documentation and archived repositories."
core,yes,high,Marine Institute,GitHub,IrishMarineInstitute/shellfish-fisheries,https://github.com/IrishMarineInstitute/shellfish-fisheries,https://github.com/IrishMarineInstitute/shellfish-fisheries.git,main,false,public,112222,https://github.com/IrishMarineInstitute/digital-stockbook,Repository documentation identifies Marine Institute projects and uses an @marine.ie contact.,"Includes every public repository in the verified namespace, including forks, documentation and archived repositories."
core,yes,high,Marine Institute,GitHub,IrishMarineInstitute/shiny-workshop,https://github.com/IrishMarineInstitute/shiny-workshop,https://github.com/IrishMarineInstitute/shiny-workshop.git,master,false,public,0,https://github.com/IrishMarineInstitute/digital-stockbook,Repository documentation identifies Marine Institute projects and uses an @marine.ie contact.,"Includes every public repository in the verified namespace, including forks, documentation and archived repositories."
core,yes,high,Marine Institute,GitHub,IrishMarineInstitute/simpleWebChart,https://github.com/IrishMarineInstitute/simpleWebChart,https://github.com/IrishMarineInstitute/simpleWebChart.git,master,false,public,168,https://github.com/IrishMarineInstitute/digital-stockbook,Repository documentation identifies Marine Institute projects and uses an @marine.ie contact.,"Includes every public repository in the verified namespace, including forks, documentation and archived repositories."
core,yes,high,Marine Institute,GitHub,IrishMarineInstitute/smartbay-audio-player,https://github.com/IrishMarineInstitute/smartbay-audio-player,https://github.com/IrishMarineInstitute/smartbay-audio-player.git,master,false,public,90,https://github.com/IrishMarineInstitute/digital-stockbook,Repository documentation identifies Marine Institute projects and uses an @marine.ie contact.,"Includes every public repository in the verified namespace, including forks, documentation and archived repositories."
core,yes,high,Marine Institute,GitHub,IrishMarineInstitute/spaceobsphyto,https://github.com/IrishMarineInstitute/spaceobsphyto,https://github.com/IrishMarineInstitute/spaceobsphyto.git,master,false,public,526,https://github.com/IrishMarineInstitute/digital-stockbook,Repository documentation identifies Marine Institute projects and uses an @marine.ie contact.,"Includes every public repository in the verified namespace, including forks, documentation and archived repositories."
core,yes,high,Marine Institute,GitHub,IrishMarineInstitute/species-dashboard,https://github.com/IrishMarineInstitute/species-dashboard,https://github.com/IrishMarineInstitute/species-dashboard.git,master,false,public,282599,https://github.com/IrishMarineInstitute/digital-stockbook,Repository documentation identifies Marine Institute projects and uses an @marine.ie contact.,"Includes every public repository in the verified namespace, including forks, documentation and archived repositories."
core,yes,high,Marine Institute,GitHub,IrishMarineInstitute/speciesdash,https://github.com/IrishMarineInstitute/speciesdash,https://github.com/IrishMarineInstitute/speciesdash.git,master,false,public,154757,https://github.com/IrishMarineInstitute/digital-stockbook,Repository documentation identifies Marine Institute projects and uses an @marine.ie contact.,"Includes every public repository in the verified namespace, including forks, documentation and archived repositories."
core,yes,high,Marine Institute,GitHub,IrishMarineInstitute/spectrumfft2spl,https://github.com/IrishMarineInstitute/spectrumfft2spl,https://github.com/IrishMarineInstitute/spectrumfft2spl.git,master,false,public,26,https://github.com/IrishMarineInstitute/digital-stockbook,Repository documentation identifies Marine Institute projects and uses an @marine.ie contact.,"Includes every public repository in the verified namespace, including forks, documentation and archived repositories."
core,yes,high,Marine Institute,GitHub,IrishMarineInstitute/spiddal.marine.ie,https://github.com/IrishMarineInstitute/spiddal.marine.ie,https://github.com/IrishMarineInstitute/spiddal.marine.ie.git,master,false,public,39809,https://github.com/IrishMarineInstitute/digital-stockbook,Repository documentation identifies Marine Institute projects and uses an @marine.ie contact.,"Includes every public repository in the verified namespace, including forks, documentation and archived repositories."
core,yes,high,Marine Institute,GitHub,IrishMarineInstitute/style-guides,https://github.com/IrishMarineInstitute/style-guides,https://github.com/IrishMarineInstitute/style-guides.git,master,false,public,1,https://github.com/IrishMarineInstitute/digital-stockbook,Repository documentation identifies Marine Institute projects and uses an @marine.ie contact.,"Includes every public repository in the verified namespace, including forks, documentation and archived repositories."
core,yes,high,Marine Institute,GitHub,IrishMarineInstitute/TerriaMap,https://github.com/IrishMarineInstitute/TerriaMap,https://github.com/IrishMarineInstitute/TerriaMap.git,main,false,public,47260,https://github.com/IrishMarineInstitute/digital-stockbook,Repository documentation identifies Marine Institute projects and uses an @marine.ie contact.,"Includes every public repository in the verified namespace, including forks, documentation and archived repositories."
core,yes,high,Marine Institute,GitHub,IrishMarineInstitute/TerriaMap_archive,https://github.com/IrishMarineInstitute/TerriaMap_archive,https://github.com/IrishMarineInstitute/TerriaMap_archive.git,main,true,public,42617,https://github.com/IrishMarineInstitute/digital-stockbook,Repository documentation identifies Marine Institute projects and uses an @marine.ie contact.,"Includes every public repository in the verified namespace, including forks, documentation and archived repositories."
core,yes,high,Marine Institute,GitHub,IrishMarineInstitute/thredds-netcdf-mirror,https://github.com/IrishMarineInstitute/thredds-netcdf-mirror,https://github.com/IrishMarineInstitute/thredds-netcdf-mirror.git,master,false,public,11324,https://github.com/IrishMarineInstitute/digital-stockbook,Repository documentation identifies Marine Institute projects and uses an @marine.ie contact.,"Includes every public repository in the verified namespace, including forks, documentation and archived repositories."
core,yes,high,Marine Institute,GitHub,IrishMarineInstitute/timeliER,https://github.com/IrishMarineInstitute/timeliER,https://github.com/IrishMarineInstitute/timeliER.git,master,false,public,1402,https://github.com/IrishMarineInstitute/digital-stockbook,Repository documentation identifies Marine Institute projects and uses an @marine.ie contact.,"Includes every public repository in the verified namespace, including forks, documentation and archived repositories."
core,yes,high,Marine Institute,GitHub,IrishMarineInstitute/uwobs,https://github.com/IrishMarineInstitute/uwobs,https://github.com/IrishMarineInstitute/uwobs.git,master,true,public,42,https://github.com/IrishMarineInstitute/digital-stockbook,Repository documentation identifies Marine Institute projects and uses an @marine.ie contact.,"Includes every public repository in the verified namespace, including forks, documentation and archived repositories."
core,yes,high,Marine Institute,GitHub,IrishMarineInstitute/vessel-search,https://github.com/IrishMarineInstitute/vessel-search,https://github.com/IrishMarineInstitute/vessel-search.git,master,false,public,7285,https://github.com/IrishMarineInstitute/digital-stockbook,Repository documentation identifies Marine Institute projects and uses an @marine.ie contact.,"Includes every public repository in the verified namespace, including forks, documentation and archived repositories."
core,yes,high,Marine Institute,GitHub,IrishMarineInstitute/vs-docker-compose,https://github.com/IrishMarineInstitute/vs-docker-compose,https://github.com/IrishMarineInstitute/vs-docker-compose.git,master,false,public,4,https://github.com/IrishMarineInstitute/digital-stockbook,Repository documentation identifies Marine Institute projects and uses an @marine.ie contact.,"Includes every public repository in the verified namespace, including forks, documentation and archived repositories."
core,yes,high,Marine Institute,GitHub,IrishMarineInstitute/WW3,https://github.com/IrishMarineInstitute/WW3,https://github.com/IrishMarineInstitute/WW3.git,develop,false,public,84247,https://github.com/IrishMarineInstitute/digital-stockbook,Repository documentation identifies Marine Institute projects and uses an @marine.ie contact.,"Includes every public repository in the verified namespace, including forks, documentation and archived repositories."
core,yes,high,Marine Institute,GitHub,IrishMarineInstitute/zapidox,https://github.com/IrishMarineInstitute/zapidox,https://github.com/IrishMarineInstitute/zapidox.git,master,false,public,373,https://github.com/IrishMarineInstitute/digital-stockbook,Repository documentation identifies Marine Institute projects and uses an @marine.ie contact.,"Includes every public repository in the verified namespace, including forks, documentation and archived repositories."
core,yes,high,Met Éireann,GitHub,MetEireann/GitTest,https://github.com/MetEireann/GitTest,https://github.com/MetEireann/GitTest.git,main,false,public,0,https://github.com/MetEireann,Exact-name public-body namespace with Met Éireann project repositories.,"Includes every public repository in the verified namespace, including forks, documentation and archived repositories."
core,yes,high,Met Éireann,GitHub,MetEireann/Process_FSU_catchment_boundaries_preANDpost2025,https://github.com/MetEireann/Process_FSU_catchment_boundaries_preANDpost2025,https://github.com/MetEireann/Process_FSU_catchment_boundaries_preANDpost2025.git,main,false,public,1,https://github.com/MetEireann,Exact-name public-body namespace with Met Éireann project repositories.,"Includes every public repository in the verified namespace, including forks, documentation and archived repositories."
core,yes,high,Met Éireann,GitHub,MetEireann/Wave-QC,https://github.com/MetEireann/Wave-QC,https://github.com/MetEireann/Wave-QC.git,main,false,public,126,https://github.com/MetEireann,Exact-name public-body namespace with Met Éireann project repositories.,"Includes every public repository in the verified namespace, including forks, documentation and archived repositories."
core,yes,high,Office of the Government Chief Information Officer,GitHub,ogcio/govie-ds,https://github.com/ogcio/govie-ds,https://github.com/ogcio/govie-ds.git,main,false,public,93002,https://government.github.com/community/,Listed for Ireland in GitHub's government community directory; OGCIO's design system is also in the EU OSS catalogue.,"Includes every public repository in the verified namespace, including forks, documentation and archived repositories."
core,yes,high,Office of the Government Chief Information Officer,GitHub,ogcio/govie-messagingie,https://github.com/ogcio/govie-messagingie,https://github.com/ogcio/govie-messagingie.git,main,false,public,6476,https://government.github.com/community/,Listed for Ireland in GitHub's government community directory; OGCIO's design system is also in the EU OSS catalogue.,"Includes every public repository in the verified namespace, including forks, documentation and archived repositories."
core,yes,high,Office of the Government Chief Information Officer,GitHub,ogcio/logto,https://github.com/ogcio/logto,https://github.com/ogcio/logto.git,dev,true,public,85387,https://government.github.com/community/,Listed for Ireland in GitHub's government community directory; OGCIO's design system is also in the EU OSS catalogue.,"Includes every public repository in the verified namespace, including forks, documentation and archived repositories."
core,yes,high,Office of the Government Chief Information Officer,GitHub,ogcio/unleash,https://github.com/ogcio/unleash,https://github.com/ogcio/unleash.git,dev,false,public,255421,https://government.github.com/community/,Listed for Ireland in GitHub's government community directory; OGCIO's design system is also in the EU OSS catalogue.,"Includes every public repository in the verified namespace, including forks, documentation and archived repositories."
core,yes,high,Office of the Government Chief Information Officer,GitHub,ogcio/wagtail-sitemap-seo,https://github.com/ogcio/wagtail-sitemap-seo,https://github.com/ogcio/wagtail-sitemap-seo.git,fix/http-sitemap,false,public,81,https://government.github.com/community/,Listed for Ireland in GitHub's government community directory; OGCIO's design system is also in the EU OSS catalogue.,"Includes every public repository in the verified namespace, including forks, documentation and archived repositories."
core,yes,high,Office of the Government Chief Information Officer,GitHub,ogcio/wagtail-tinymce-table,https://github.com/ogcio/wagtail-tinymce-table,https://github.com/ogcio/wagtail-tinymce-table.git,master,false,public,151,https://government.github.com/community/,Listed for Ireland in GitHub's government community directory; OGCIO's design system is also in the EU OSS catalogue.,"Includes every public repository in the verified namespace, including forks, documentation and archived repositories."
core,yes,high,Houses of the Oireachtas,GitHub,Oireachtas/akqa-nz-silverstripe-cacheinclude,https://github.com/Oireachtas/akqa-nz-silverstripe-cacheinclude,https://github.com/Oireachtas/akqa-nz-silverstripe-cacheinclude.git,main,false,public,214,https://github.com/Oireachtas,Profile and repositories explicitly identify the Houses of the Oireachtas.,"Includes every public repository in the verified namespace, including forks, documentation and archived repositories."
core,yes,high,Houses of the Oireachtas,GitHub,Oireachtas/api,https://github.com/Oireachtas/api,https://github.com/Oireachtas/api.git,master,false,public,206983,https://github.com/Oireachtas,Profile and repositories explicitly identify the Houses of the Oireachtas.,"Includes every public repository in the verified namespace, including forks, documentation and archived repositories."
core,yes,high,Houses of the Oireachtas,GitHub,Oireachtas/bills,https://github.com/Oireachtas/bills,https://github.com/Oireachtas/bills.git,master,false,public,3281,https://github.com/Oireachtas,Profile and repositories explicitly identify the Houses of the Oireachtas.,"Includes every public repository in the verified namespace, including forks, documentation and archived repositories."
core,yes,high,Houses of the Oireachtas,GitHub,Oireachtas/csv,https://github.com/Oireachtas/csv,https://github.com/Oireachtas/csv.git,master,false,public,147,https://github.com/Oireachtas,Profile and repositories explicitly identify the Houses of the Oireachtas.,"Includes every public repository in the verified namespace, including forks, documentation and archived repositories."
core,yes,high,Houses of the Oireachtas,GitHub,Oireachtas/Oireachtas.github.io,https://github.com/Oireachtas/Oireachtas.github.io,https://github.com/Oireachtas/Oireachtas.github.io.git,master,false,public,1,https://github.com/Oireachtas,Profile and repositories explicitly identify the Houses of the Oireachtas.,"Includes every public repository in the verified namespace, including forks, documentation and archived repositories."
core,yes,high,Houses of the Oireachtas,GitHub,Oireachtas/ontology,https://github.com/Oireachtas/ontology,https://github.com/Oireachtas/ontology.git,master,false,public,8839,https://github.com/Oireachtas,Profile and repositories explicitly identify the Houses of the Oireachtas.,"Includes every public repository in the verified namespace, including forks, documentation and archived repositories."
core,yes,high,Houses of the Oireachtas,GitHub,Oireachtas/purl,https://github.com/Oireachtas/purl,https://github.com/Oireachtas/purl.git,master,false,public,376,https://github.com/Oireachtas,Profile and repositories explicitly identify the Houses of the Oireachtas.,"Includes every public repository in the verified namespace, including forks, documentation and archived repositories."
core,yes,high,Houses of the Oireachtas,GitHub,Oireachtas/silverstripe-asset-admin,https://github.com/Oireachtas/silverstripe-asset-admin,https://github.com/Oireachtas/silverstripe-asset-admin.git,2,false,public,14529,https://github.com/Oireachtas,Profile and repositories explicitly identify the Houses of the Oireachtas.,"Includes every public repository in the verified namespace, including forks, documentation and archived repositories."
core,yes,high,Houses of the Oireachtas,GitHub,Oireachtas/silverstripe-assets,https://github.com/Oireachtas/silverstripe-assets,https://github.com/Oireachtas/silverstripe-assets.git,2,false,public,1488,https://github.com/Oireachtas,Profile and repositories explicitly identify the Houses of the Oireachtas.,"Includes every public repository in the verified namespace, including forks, documentation and archived repositories."
core,yes,high,Houses of the Oireachtas,GitHub,Oireachtas/silverstripe-fluent,https://github.com/Oireachtas/silverstripe-fluent,https://github.com/Oireachtas/silverstripe-fluent.git,7,false,public,2008,https://github.com/Oireachtas,Profile and repositories explicitly identify the Houses of the Oireachtas.,"Includes every public repository in the verified namespace, including forks, documentation and archived repositories."
core,yes,high,Houses of the Oireachtas,GitHub,Oireachtas/silverstripe-importexport,https://github.com/Oireachtas/silverstripe-importexport,https://github.com/Oireachtas/silverstripe-importexport.git,2,false,public,223,https://github.com/Oireachtas,Profile and repositories explicitly identify the Houses of the Oireachtas.,"Includes every public repository in the verified namespace, including forks, documentation and archived repositories."
core,yes,high,Houses of the Oireachtas,GitHub,Oireachtas/silverstripe-link,https://github.com/Oireachtas/silverstripe-link,https://github.com/Oireachtas/silverstripe-link.git,master,false,public,75,https://github.com/Oireachtas,Profile and repositories explicitly identify the Houses of the Oireachtas.,"Includes every public repository in the verified namespace, including forks, documentation and archived repositories."
core,yes,high,Houses of the Oireachtas,GitHub,Oireachtas/silverstripe-linkable,https://github.com/Oireachtas/silverstripe-linkable,https://github.com/Oireachtas/silverstripe-linkable.git,master,false,public,228,https://github.com/Oireachtas,Profile and repositories explicitly identify the Houses of the Oireachtas.,"Includes every public repository in the verified namespace, including forks, documentation and archived repositories."
core,yes,high,Houses of the Oireachtas,GitHub,Oireachtas/silverstripe-multiuser-editing-alert,https://github.com/Oireachtas/silverstripe-multiuser-editing-alert,https://github.com/Oireachtas/silverstripe-multiuser-editing-alert.git,2.0,false,public,43,https://github.com/Oireachtas,Profile and repositories explicitly identify the Houses of the Oireachtas.,"Includes every public repository in the verified namespace, including forks, documentation and archived repositories."
core,yes,high,Houses of the Oireachtas,GitHub,Oireachtas/silverstripe-pickerfield,https://github.com/Oireachtas/silverstripe-pickerfield,https://github.com/Oireachtas/silverstripe-pickerfield.git,master,false,public,155,https://github.com/Oireachtas,Profile and repositories explicitly identify the Houses of the Oireachtas.,"Includes every public repository in the verified namespace, including forks, documentation and archived repositories."
core,yes,high,Houses of the Oireachtas,GitHub,Oireachtas/silverstripe-postgresql,https://github.com/Oireachtas/silverstripe-postgresql,https://github.com/Oireachtas/silverstripe-postgresql.git,3,false,public,404,https://github.com/Oireachtas,Profile and repositories explicitly identify the Houses of the Oireachtas.,"Includes every public repository in the verified namespace, including forks, documentation and archived repositories."
core,yes,high,Houses of the Oireachtas,GitHub,Oireachtas/silverstripe-redis-cache,https://github.com/Oireachtas/silverstripe-redis-cache,https://github.com/Oireachtas/silverstripe-redis-cache.git,master,false,public,22,https://github.com/Oireachtas,Profile and repositories explicitly identify the Houses of the Oireachtas.,"Includes every public repository in the verified namespace, including forks, documentation and archived repositories."
core,yes,high,Houses of the Oireachtas,GitHub,Oireachtas/silverstripe-versioned,https://github.com/Oireachtas/silverstripe-versioned,https://github.com/Oireachtas/silverstripe-versioned.git,2,false,public,1378,https://github.com/Oireachtas,Profile and repositories explicitly identify the Houses of the Oireachtas.,"Includes every public repository in the verified namespace, including forks, documentation and archived repositories."
core,yes,high,Office of the Revenue Commissioners,GitHub,revenue-ie/business-taxes-documentation,https://github.com/revenue-ie/business-taxes-documentation,https://github.com/revenue-ie/business-taxes-documentation.git,master,false,public,193126,https://github.com/revenue-ie,GitHub profile is titled The Office of the Revenue Commissioners.,"Includes every public repository in the verified namespace, including forks, documentation and archived repositories."
core,yes,high,Office of the Revenue Commissioners,GitHub,revenue-ie/dpl,https://github.com/revenue-ie/dpl,https://github.com/revenue-ie/dpl.git,master,false,public,270,https://github.com/revenue-ie,GitHub profile is titled The Office of the Revenue Commissioners.,"Includes every public repository in the verified namespace, including forks, documentation and archived repositories."
core,yes,high,Office of the Revenue Commissioners,GitHub,revenue-ie/err-sug-documents,https://github.com/revenue-ie/err-sug-documents,https://github.com/revenue-ie/err-sug-documents.git,master,false,public,12043,https://github.com/revenue-ie,GitHub profile is titled The Office of the Revenue Commissioners.,"Includes every public repository in the verified namespace, including forks, documentation and archived repositories."
core,yes,high,Office of the Revenue Commissioners,GitHub,revenue-ie/paye-employers-documentation,https://github.com/revenue-ie/paye-employers-documentation,https://github.com/revenue-ie/paye-employers-documentation.git,master,false,public,146457,https://github.com/revenue-ie,GitHub profile is titled The Office of the Revenue Commissioners.,"Includes every public repository in the verified namespace, including forks, documentation and archived repositories."
core,yes,high,Office of the Revenue Commissioners,GitHub,revenue-ie/pmod-sug-documents,https://github.com/revenue-ie/pmod-sug-documents,https://github.com/revenue-ie/pmod-sug-documents.git,master,false,public,2748,https://github.com/revenue-ie,GitHub profile is titled The Office of the Revenue Commissioners.,"Includes every public repository in the verified namespace, including forks, documentation and archived repositories."
core,yes,high,Teagasc,GitHub,Teagasc/ACRES-AI-RAG,https://github.com/Teagasc/ACRES-AI-RAG,https://github.com/Teagasc/ACRES-AI-RAG.git,trunk,false,public,12,https://github.com/Teagasc,Exact-name public-body namespace with Teagasc project repositories.,"Includes every public repository in the verified namespace, including forks, documentation and archived repositories."
core,yes,high,Teagasc,GitHub,Teagasc/CloudCoverTool,https://github.com/Teagasc/CloudCoverTool,https://github.com/Teagasc/CloudCoverTool.git,master,false,public,30,https://github.com/Teagasc,Exact-name public-body namespace with Teagasc project repositories.,"Includes every public repository in the verified namespace, including forks, documentation and archived repositories."
core,yes,high,Teagasc,GitHub,Teagasc/Excel-Validator,https://github.com/Teagasc/Excel-Validator,https://github.com/Teagasc/Excel-Validator.git,master,false,public,95,https://github.com/Teagasc,Exact-name public-body namespace with Teagasc project repositories.,"Includes every public repository in the verified namespace, including forks, documentation and archived repositories."
core,yes,high,Teagasc,GitHub,Teagasc/ieo,https://github.com/Teagasc/ieo,https://github.com/Teagasc/ieo.git,master,false,public,967,https://github.com/Teagasc,Exact-name public-body namespace with Teagasc project repositories.,"Includes every public repository in the verified namespace, including forks, documentation and archived repositories."
core,yes,high,Teagasc,GitHub,Teagasc/IEOtools,https://github.com/Teagasc/IEOtools,https://github.com/Teagasc/IEOtools.git,master,false,public,46,https://github.com/Teagasc,Exact-name public-body namespace with Teagasc project repositories.,"Includes every public repository in the verified namespace, including forks, documentation and archived repositories."
core,yes,high,Teagasc,GitHub,Teagasc/Research-Paper-RAG,https://github.com/Teagasc/Research-Paper-RAG,https://github.com/Teagasc/Research-Paper-RAG.git,trunk,false,public,15,https://github.com/Teagasc,Exact-name public-body namespace with Teagasc project repositories.,"Includes every public repository in the verified namespace, including forks, documentation and archived repositories."
core,yes,high,Teagasc,GitHub,Teagasc/soilphysicalquality,https://github.com/Teagasc/soilphysicalquality,https://github.com/Teagasc/soilphysicalquality.git,master,false,public,0,https://github.com/Teagasc,Exact-name public-body namespace with Teagasc project repositories.,"Includes every public repository in the verified namespace, including forks, documentation and archived repositories."
extended,no,high,Covid Green / HSE partner project,GitHub,covidgreen/base45-js,https://github.com/covidgreen/base45-js,https://github.com/covidgreen/base45-js.git,main,false,public,23,https://github.com/covidgreen/organization,Linux Foundation-hosted project; project README lists an HSE lead maintainer and acknowledges HSE.,Upstream/partner namespace for Ireland's HSE Covid Tracker work; not government-owned.
extended,no,high,Covid Green / HSE partner project,GitHub,covidgreen/covid-green-app,https://github.com/covidgreen/covid-green-app,https://github.com/covidgreen/covid-green-app.git,current,false,public,7248,https://github.com/covidgreen/organization,Linux Foundation-hosted project; project README lists an HSE lead maintainer and acknowledges HSE.,Upstream/partner namespace for Ireland's HSE Covid Tracker work; not government-owned.
extended,no,high,Covid Green / HSE partner project,GitHub,covidgreen/covid-green-assets,https://github.com/covidgreen/covid-green-assets,https://github.com/covidgreen/covid-green-assets.git,current,true,public,15,https://github.com/covidgreen/organization,Linux Foundation-hosted project; project README lists an HSE lead maintainer and acknowledges HSE.,Upstream/partner namespace for Ireland's HSE Covid Tracker work; not government-owned.
extended,no,high,Covid Green / HSE partner project,GitHub,covidgreen/covid-green-backend-api,https://github.com/covidgreen/covid-green-backend-api,https://github.com/covidgreen/covid-green-backend-api.git,current,false,public,682,https://github.com/covidgreen/organization,Linux Foundation-hosted project; project README lists an HSE lead maintainer and acknowledges HSE.,Upstream/partner namespace for Ireland's HSE Covid Tracker work; not government-owned.
extended,no,high,Covid Green / HSE partner project,GitHub,covidgreen/covid-green-dcc-decoder,https://github.com/covidgreen/covid-green-dcc-decoder,https://github.com/covidgreen/covid-green-dcc-decoder.git,main,false,public,2382,https://github.com/covidgreen/organization,Linux Foundation-hosted project; project README lists an HSE lead maintainer and acknowledges HSE.,Upstream/partner namespace for Ireland's HSE Covid Tracker work; not government-owned.
extended,no,high,Covid Green / HSE partner project,GitHub,covidgreen/covid-green-dcc-file-decoder,https://github.com/covidgreen/covid-green-dcc-file-decoder,https://github.com/covidgreen/covid-green-dcc-file-decoder.git,main,false,public,20828,https://github.com/covidgreen/organization,Linux Foundation-hosted project; project README lists an HSE lead maintainer and acknowledges HSE.,Upstream/partner namespace for Ireland's HSE Covid Tracker work; not government-owned.
extended,no,high,Covid Green / HSE partner project,GitHub,covidgreen/covid-green-dcc-verifier,https://github.com/covidgreen/covid-green-dcc-verifier,https://github.com/covidgreen/covid-green-dcc-verifier.git,main,false,public,1823,https://github.com/covidgreen/organization,Linux Foundation-hosted project; project README lists an HSE lead maintainer and acknowledges HSE.,Upstream/partner namespace for Ireland's HSE Covid Tracker work; not government-owned.
extended,no,high,Covid Green / HSE partner project,GitHub,covidgreen/covid-green-infra,https://github.com/covidgreen/covid-green-infra,https://github.com/covidgreen/covid-green-infra.git,current,false,public,1299,https://github.com/covidgreen/organization,Linux Foundation-hosted project; project README lists an HSE lead maintainer and acknowledges HSE.,Upstream/partner namespace for Ireland's HSE Covid Tracker work; not government-owned.
extended,no,high,Covid Green / HSE partner project,GitHub,covidgreen/covid-green-interoperability-infra,https://github.com/covidgreen/covid-green-interoperability-infra,https://github.com/covidgreen/covid-green-interoperability-infra.git,current,false,public,38,https://github.com/covidgreen/organization,Linux Foundation-hosted project; project README lists an HSE lead maintainer and acknowledges HSE.,Upstream/partner namespace for Ireland's HSE Covid Tracker work; not government-owned.
extended,no,high,Covid Green / HSE partner project,GitHub,covidgreen/covid-green-interoperability-service,https://github.com/covidgreen/covid-green-interoperability-service,https://github.com/covidgreen/covid-green-interoperability-service.git,current,false,public,133,https://github.com/covidgreen/organization,Linux Foundation-hosted project; project README lists an HSE lead maintainer and acknowledges HSE.,Upstream/partner namespace for Ireland's HSE Covid Tracker work; not government-owned.
extended,no,high,Covid Green / HSE partner project,GitHub,covidgreen/covid-green-lambdas,https://github.com/covidgreen/covid-green-lambdas,https://github.com/covidgreen/covid-green-lambdas.git,current,false,public,348,https://github.com/covidgreen/organization,Linux Foundation-hosted project; project README lists an HSE lead maintainer and acknowledges HSE.,Upstream/partner namespace for Ireland's HSE Covid Tracker work; not government-owned.
extended,no,high,Covid Green / HSE partner project,GitHub,covidgreen/covid-green-push-api,https://github.com/covidgreen/covid-green-push-api,https://github.com/covidgreen/covid-green-push-api.git,current,false,public,492,https://github.com/covidgreen/organization,Linux Foundation-hosted project; project README lists an HSE lead maintainer and acknowledges HSE.,Upstream/partner namespace for Ireland's HSE Covid Tracker work; not government-owned.
extended,no,high,Covid Green / HSE partner project,GitHub,covidgreen/organization,https://github.com/covidgreen/organization,https://github.com/covidgreen/organization.git,current,false,public,9,https://github.com/covidgreen/organization,Linux Foundation-hosted project; project README lists an HSE lead maintainer and acknowledges HSE.,Upstream/partner namespace for Ireland's HSE Covid Tracker work; not government-owned.
extended,no,high,Covid Green / HSE partner project,GitHub,covidgreen/react-native-exposure-notification-service,https://github.com/covidgreen/react-native-exposure-notification-service,https://github.com/covidgreen/react-native-exposure-notification-service.git,current,false,public,4153,https://github.com/covidgreen/organization,Linux Foundation-hosted project; project README lists an HSE lead maintainer and acknowledges HSE.,Upstream/partner namespace for Ireland's HSE Covid Tracker work; not government-owned.
extended,no,high,data.gov.ie,GitHub,derilinx/ckanext-dgi-public,https://github.com/derilinx/ckanext-dgi-public,https://github.com/derilinx/ckanext-dgi-public.git,master,false,public,5904,https://github.com/derilinx/ckanext-dgi-public,README says this is the data.gov.ie CKAN extension and customises the government portal.,Vendor-owned repository used for an official government service.
extended,no,high,Carlow County Council-funded LocalGov Drupal module,GitHub,localgovdrupal/localgov_irish_planning_notices,https://github.com/localgovdrupal/localgov_irish_planning_notices,https://github.com/localgovdrupal/localgov_irish_planning_notices.git,1.x,false,public,33,https://github.com/localgovdrupal/localgov_irish_planning_notices,README credits Carlow County Council with funding development.,Shared council project in a cross-border community namespace; not owned by an Irish-government account.
extended,no,high,Tipperary County Council-originated LocalGov Drupal module,GitHub,localgovdrupal/localgov_irish_service_catalogue,https://github.com/localgovdrupal/localgov_irish_service_catalogue,https://github.com/localgovdrupal/localgov_irish_service_catalogue.git,1.x,false,public,61,https://www.annertech.com/blog/localgov-drupal-gets-multilingual-irish-service-catalogue-features,Project documentation and case study credit Tipperary County Council with the Irish modules.,Shared council project in a cross-border community namespace; not owned by an Irish-government account.
extended,no,high,Tipperary County Council-originated LocalGov Drupal module,GitHub,localgovdrupal/localgov_multilingual,https://github.com/localgovdrupal/localgov_multilingual,https://github.com/localgovdrupal/localgov_multilingual.git,1.x,false,public,60,https://www.annertech.com/blog/localgov-drupal-gets-multilingual-irish-service-catalogue-features,Project documentation and case study credit Tipperary County Council with the Irish modules.,Shared council project in a cross-border community namespace; not owned by an Irish-government account.
